offer_id,price,old_price,currency,availability
НФ-00002943,330.19,,UAH,true
НФ-00002946,46.1,,UAH,true
НФ-00007209,85.97,,UAH,true
НФ-00000026,5018.89,,UAH,true
НФ-00002484,79.13,,UAH,true
НФ-00000867,396.23,,UAH,true
НФ-00006010,59.19,,UAH,true
НФ-00000077,660.38,,UAH,true
НФ-00007836,858.49,,UAH,true
НФ-00000050,990.57,,UAH,true
НФ-00000104,2773.6,,UAH,true
НФ-00007835,719.57,,UAH,true
НФ-00000107,2773.6,,UAH,true
НФ-00000179,178.18,,UAH,true
НФ-00003413,237.99,,UAH,true
НФ-00007213,165.1,,UAH,true
НФ-00002195,138.94,,UAH,true
НФ-00007577,307.15,,UAH,true
НФ-00002990,330.19,,UAH,true
НФ-00002991,277.24,,UAH,true
НФ-00000533,82.87,,UAH,true
НФ-00007636,812.39,,UAH,true
НФ-00005112,1518.87,,UAH,true
НФ-00002702,3632.09,,UAH,true
НФ-00002708,5613.23,,UAH,true
НФ-00007402,158.24,,UAH,true
НФ-00002701,4622.66,,UAH,true
НФ-00005252,198.11,,UAH,true
НФ-00004270,39.87,,UAH,true
НФ-00008040,495.29,,UAH,true
НФ-00000507,13.09,,UAH,true
НФ-00005974,363.22,,UAH,true
НФ-00000217,901.49,,UAH,true
НФ-00003017,132.08,,UAH,true
НФ-00008004,1386.8,,UAH,true
НФ-00007927,1386.8,,UAH,true
НФ-00007274,792.46,,UAH,true
НФ-00007054,429.25,,UAH,true
НФ-00007055,429.25,,UAH,true
НФ-00007643,198.11,,UAH,true
НФ-00007644,198.11,,UAH,true
НФ-00007654,2641.52,,UAH,true
НФ-00007063,660.38,,UAH,true
НФ-00007557,39.87,,UAH,true
НФ-00007908,455.42,,UAH,true
НФ-00000207,495.29,,UAH,true
НФ-00007556,33.03,,UAH,true
НФ-00000209,495.29,,UAH,true
НФ-00007106,171.95,,UAH,true
НФ-00007555,33.03,,UAH,true
НФ-00007649,264.15,,UAH,true
НФ-00007097,85.97,,UAH,true
НФ-00007648,264.15,,UAH,true
НФ-00007558,66.04,,UAH,true
НФ-00007554,33.03,,UAH,true
НФ-00007553,33.03,,UAH,true
НФ-00007105,171.95,,UAH,true
НФ-00000206,429.25,,UAH,true
НФ-00007062,660.38,,UAH,true
НФ-00000210,495.29,,UAH,true
НФ-00000204,429.25,,UAH,true
НФ-00007098,85.97,,UAH,true
НФ-00007131,297.18,,UAH,true
НФ-00000307,455.42,,UAH,true
НФ-00007066,330.19,,UAH,true
НФ-00007115,198.11,,UAH,true
НФ-00000215,901.49,,UAH,true
НФ-00007909,330.19,,UAH,true
НФ-00007889,429.25,,UAH,true
НФ-00007126,185.04,,UAH,true
НФ-00007910,396.23,,UAH,true
НФ-00007144,396.23,,UAH,true
НФ-00007119,396.23,,UAH,true
НФ-00007142,396.23,,UAH,true
НФ-00000316,462.27,,UAH,true
НФ-00007611,330.19,,UAH,true
НФ-00000216,901.49,,UAH,true
НФ-00007146,396.23,,UAH,true
НФ-00007628,455.42,,UAH,true
НФ-00007145,396.23,,UAH,true
НФ-00007125,185.04,,UAH,true
НФ-00007159,356.36,,UAH,true
НФ-00007891,297.18,,UAH,true
НФ-00007630,627.37,,UAH,true
НФ-00007913,462.27,,UAH,true
НФ-00007590,363.22,,UAH,true
НФ-00007919,429.25,,UAH,true
НФ-00007065,330.19,,UAH,true
НФ-00007916,297.18,,UAH,true
НФ-00007592,363.22,,UAH,true
НФ-00007046,901.49,,UAH,true
НФ-00007069,901.49,,UAH,true
НФ-00007921,429.25,,UAH,true
НФ-00007920,429.25,,UAH,true
НФ-00007588,297.18,,UAH,true
НФ-00007914,462.27,,UAH,true
НФ-00007064,297.18,,UAH,true
НФ-00007917,165.1,,UAH,true
НФ-00007700,462.27,,UAH,true
НФ-00000545,647.3,,UAH,true
НФ-00007893,429.25,,UAH,true
НФ-00007892,515.23,,UAH,true
НФ-00007915,297.18,,UAH,true
НФ-00000732,495.29,,UAH,true
НФ-00000752,627.37,,UAH,true
НФ-00000886,132.08,,UAH,true
НФ-00000731,495.29,,UAH,true
НФ-00007678,858.49,,UAH,true
НФ-00000751,627.37,,UAH,true
НФ-00005276,165.1,,UAH,true
НФ-00000740,561.33,,UAH,true
НФ-00000764,990.57,,UAH,true
НФ-00000741,561.33,,UAH,true
НФ-00004969,792.46,,UAH,true
НФ-00006987,726.42,,UAH,true
НФ-00007359,3896.24,,UAH,true
НФ-00007983,5547.19,,UAH,true
НФ-00000772,1056.61,,UAH,true
НФ-00006986,726.42,,UAH,true
НФ-00007996,1386.8,,UAH,true
НФ-00006988,726.42,,UAH,true
НФ-00005365,1320.76,,UAH,true
НФ-00005364,1320.76,,UAH,true
НФ-00005137,528.3,,UAH,true
НФ-00000771,1056.61,,UAH,true
НФ-00005138,528.3,,UAH,true
НФ-00006990,726.42,,UAH,true
НФ-00007579,660.38,,UAH,true
НФ-00008051,561.33,,UAH,true
НФ-00000811,660.38,,UAH,true
НФ-00008050,561.33,,UAH,true
НФ-00000813,660.38,,UAH,true
НФ-00007838,475.36,,UAH,true
НФ-00000828,495.29,,UAH,true
НФ-00006049,79.13,,UAH,true
НФ-00007176,1155.67,,UAH,true
НФ-00008063,231.14,,UAH,true
НФ-00004578,1155.67,,UAH,true
НФ-00000854,495.29,,UAH,true
НФ-00002674,19.94,,UAH,true
НФ-00004990,89.1,,UAH,true
НФ-00001095,19.94,,UAH,true
НФ-00005242,178.18,,UAH,true
НФ-00005366,4952.85,,UAH,true
НФ-00007019,85.97,,UAH,true
НФ-00001129,44.24,,UAH,true
НФ-00006160,112.14,,UAH,true
НФ-00001107,59.19,,UAH,true
НФ-00001112,46.1,,UAH,true
НФ-00001032,28.04,,UAH,true
НФ-00006050,109.03,,UAH,true
НФ-00007018,59.19,,UAH,true
НФ-00001139,92.2,,UAH,true
НФ-00001121,82.87,,UAH,true
НФ-00001120,49.84,,UAH,true
НФ-00001109,59.19,,UAH,true
НФ-00004579,99.06,,UAH,true
НФ-00006051,109.03,,UAH,true
НФ-00001108,66.04,,UAH,true
НФ-00001122,79.13,,UAH,true
НФ-00001134,13.09,,UAH,true
НФ-00001115,19.94,,UAH,true
НФ-00005931,152.01,,UAH,true
НФ-00004949,82.87,,UAH,true
НФ-00001159,79.13,,UAH,true
НФ-00001175,158.24,,UAH,true
НФ-00006177,198.11,,UAH,true
НФ-00005103,264.15,,UAH,true
НФ-00001100,31.78,,UAH,true
НФ-00000875,330.19,,UAH,true
НФ-00001174,132.08,,UAH,true
НФ-00001140,66.04,,UAH,true
НФ-00001164,19.94,,UAH,true
НФ-00005194,99.06,,UAH,true
НФ-00001128,44.24,,UAH,true
НФ-00006265,46.1,,UAH,true
НФ-00001170,62.93,,UAH,true
НФ-00007986,990.57,,UAH,true
НФ-00001232,957.56,,UAH,true
НФ-00001212,363.22,,UAH,true
НФ-00001208,528.3,,UAH,true
НФ-00003596,9377.4,,UAH,true
НФ-00001744,66.04,,UAH,true
НФ-00001241,39.87,,UAH,true
НФ-00005131,79.13,,UAH,true
НФ-00001235,22.43,,UAH,true
НФ-00003594,5745.31,,UAH,true
НФ-00007834,5775.21,,UAH,true
НФ-00007990,79.13,,UAH,true
НФ-00007870,3301.9,,UAH,true
НФ-00001585,495.29,,UAH,true
НФ-00007185,119,,UAH,true
НФ-00005181,1650.95,,UAH,true
НФ-00003463,132.08,,UAH,true
НФ-00003026,271.01,,UAH,true
НФ-00007349,5943.42,,UAH,true
НФ-00006767,660.38,,UAH,true
НФ-00003528,231.14,,UAH,true
НФ-00004558,237.99,,UAH,true
НФ-00006081,1122.65,,UAH,true
НФ-00005362,264.15,,UAH,true
НФ-00006766,1783.03,,UAH,true
НФ-00005183,429.25,,UAH,true
НФ-00006771,792.46,,UAH,true
НФ-00005182,495.29,,UAH,true
НФ-00006769,726.42,,UAH,true
НФ-00006770,627.37,,UAH,true
НФ-00006768,924.53,,UAH,true
НФ-00007548,1254.72,,UAH,true
НФ-00007869,4622.66,,UAH,true
НФ-00006978,46.1,,UAH,true
НФ-00001479,3169.82,,UAH,true
НФ-00002114,760.69,,UAH,true
НФ-00003036,726.42,,UAH,true
НФ-00001502,1069.7,,UAH,true
НФ-00006400,1386.8,,UAH,true
НФ-00001490,125.23,,UAH,true
НФ-00000552,594.34,,UAH,true
НФ-00001469,2641.52,,UAH,true
НФ-00001467,224.28,,UAH,true
НФ-00001463,1518.87,,UAH,true
НФ-00001471,198.11,,UAH,true
НФ-00001455,125.23,,UAH,true
НФ-00001468,125.23,,UAH,true
НФ-00007580,92.2,,UAH,true
НФ-00007574,1584.91,,UAH,true
НФ-00004959,145.17,,UAH,true
НФ-00004958,49.84,,UAH,true
НФ-00006189,152.01,,UAH,true
НФ-00001500,1135.74,,UAH,true
НФ-00007363,224.28,,UAH,true
НФ-00006190,152.01,,UAH,true
НФ-00001618,1584.91,,UAH,true
НФ-00001513,79.13,,UAH,true
НФ-00001512,4226.43,,UAH,true
НФ-00004935,99.06,,UAH,true
НФ-00001516,92.2,,UAH,true
НФ-00003474,396.23,,UAH,true
НФ-00005307,1386.8,,UAH,true
НФ-00006165,396.23,,UAH,true
НФ-00008047,52.96,,UAH,true
НФ-00004126,11.84,,UAH,true
НФ-00003475,429.25,,UAH,true
НФ-00006230,158.24,,UAH,true
НФ-00001119,52.96,,UAH,true
НФ-00004586,990.57,,UAH,true
НФ-00003051,528.3,,UAH,true
НФ-00000656,528.3,,UAH,true
НФ-00001533,244.22,,UAH,true
НФ-00003055,462.27,,UAH,true
НФ-00007256,403.09,,UAH,true
НФ-00007409,33.03,,UAH,true
НФ-00007697,85.97,,UAH,true
НФ-00007929,713.34,,UAH,true
НФ-00007404,39.87,,UAH,true
НФ-00005369,105.91,,UAH,true
НФ-00005175,99.06,,UAH,true
НФ-00005130,204.97,,UAH,true
НФ-00002137,79.13,,UAH,true
НФ-00005315,297.18,,UAH,true
НФ-00001544,1584.91,,UAH,true
НФ-00006004,66.04,,UAH,true
НФ-00006363,132.08,,UAH,true
НФ-00005341,85.97,,UAH,true
НФ-00007704,79.13,,UAH,true
НФ-00005340,85.97,,UAH,true
НФ-00001052,105.91,,UAH,true
НФ-00001171,211.2,,UAH,true
НФ-00005303,99.06,,UAH,true
НФ-00006262,36.13,,UAH,true
НФ-00001189,72.9,,UAH,true
НФ-00005256,23.06,,UAH,true
НФ-00000130,138.94,,UAH,true
НФ-00003095,138.94,,UAH,true
НФ-00007988,277.24,,UAH,true
НФ-00000561,297.18,,UAH,true
НФ-00006310,363.22,,UAH,true
НФ-00006774,125.23,,UAH,true
НФ-00001068,198.11,,UAH,true
НФ-00003098,122.11,,UAH,true
НФ-00001106,495.29,,UAH,true
НФ-00001104,290.32,,UAH,true
НФ-00001041,343.28,,UAH,true
НФ-00005978,1188.68,,UAH,true
НФ-00005177,277.24,,UAH,true
НФ-00007397,264.15,,UAH,true
НФ-00006311,429.25,,UAH,true
НФ-00000560,297.18,,UAH,true
НФ-00006360,158.24,,UAH,true
НФ-00003100,122.11,,UAH,true
НФ-00004310,165.1,,UAH,true
НФ-00004296,29.9,,UAH,true
НФ-00006048,62.93,,UAH,true
НФ-00004316,92.2,,UAH,true
НФ-00008029,49.84,,UAH,true
НФ-00004306,66.04,,UAH,true
НФ-00004294,18.69,,UAH,true
НФ-00004289,13.09,,UAH,true
НФ-00004305,726.42,,UAH,true
НФ-00007426,396.23,,UAH,true
НФ-00004303,251.08,,UAH,true
НФ-00004302,46.1,,UAH,true
НФ-00001711,224.28,,UAH,true
НФ-00001719,26.17,,UAH,true
НФ-00001732,125.23,,UAH,true
НФ-00004800,42.99,,UAH,true
НФ-00001714,125.23,,UAH,true
НФ-00001712,142.04,,UAH,true
НФ-00001727,132.08,,UAH,true
НФ-00004332,181.92,,UAH,true
НФ-00004334,251.08,,UAH,true
НФ-00004330,119,,UAH,true
НФ-00005042,138.94,,UAH,true
НФ-00001713,62.93,,UAH,true
НФ-00001717,62.93,,UAH,true
НФ-00001725,62.93,,UAH,true
НФ-00005965,125.23,,UAH,true
НФ-00004335,370.06,,UAH,true
НФ-00001736,165.1,,UAH,true
НФ-00006077,3566.05,,UAH,true
НФ-00001572,792.46,,UAH,true
НФ-00001561,1518.87,,UAH,true
НФ-00007634,1518.87,,UAH,true
НФ-00001569,1023.6,,UAH,true
НФ-00001563,1518.87,,UAH,true
НФ-00006080,924.53,,UAH,true
НФ-00001555,1518.87,,UAH,true
НФ-00007578,693.41,,UAH,true
НФ-00001739,82.87,,UAH,true
НФ-00008000,495.29,,UAH,true
НФ-00007658,924.53,,UAH,true
НФ-00001574,594.34,,UAH,true
НФ-00007531,1518.87,,UAH,true
НФ-00007705,462.27,,UAH,true
НФ-00007246,4226.43,,UAH,true
НФ-00002305,39.87,,UAH,true
НФ-00001545,2245.29,,UAH,true
НФ-00007881,726.42,,UAH,true
НФ-00005100,231.14,,UAH,true
НФ-00007000,36.13,,UAH,true
НФ-00001758,429.25,,UAH,true
НФ-00001770,178.18,,UAH,true
НФ-00001772,178.18,,UAH,true
НФ-00001776,594.34,,UAH,true
НФ-00000568,264.15,,UAH,true
НФ-00007952,594.34,,UAH,true
НФ-00003114,237.99,,UAH,true
НФ-00000569,805.55,,UAH,true
НФ-00004342,231.14,,UAH,true
НФ-00004344,105.91,,UAH,true
НФ-00003116,1122.65,,UAH,true
НФ-00001261,211.2,,UAH,true
НФ-00008009,350.13,,UAH,true
НФ-00004269,105.91,,UAH,true
НФ-00001260,211.2,,UAH,true
НФ-00004345,138.94,,UAH,true
НФ-00005283,92.2,,UAH,true
НФ-00008008,409.32,,UAH,true
НФ-00007240,462.27,,UAH,true
НФ-00004343,158.24,,UAH,true
НФ-00005144,195.01,,UAH,true
НФ-00001607,3433.98,,UAH,true
НФ-00005155,5745.31,,UAH,true
НФ-00002199,165.1,,UAH,true
НФ-00008006,244.22,,UAH,true
НФ-00005021,198.11,,UAH,true
НФ-00008005,277.24,,UAH,true
НФ-00003453,26.17,,UAH,true
НФ-00005023,198.11,,UAH,true
НФ-00005979,191.27,,UAH,true
НФ-00005888,957.56,,UAH,true
НФ-00003137,178.18,,UAH,true
НФ-00005921,152.01,,UAH,true
НФ-00003138,191.27,,UAH,true
НФ-00008010,462.27,,UAH,true
НФ-00005019,198.11,,UAH,true
НФ-00005981,158.24,,UAH,true
НФ-00005020,198.11,,UAH,true
НФ-00004845,178.18,,UAH,true
НФ-00005924,152.01,,UAH,true
НФ-00003135,191.27,,UAH,true
НФ-00006091,165.1,,UAH,true
НФ-00004863,178.18,,UAH,true
НФ-00002683,224.28,,UAH,true
НФ-00007182,211.2,,UAH,true
НФ-00005024,158.24,,UAH,true
НФ-00001458,237.99,,UAH,true
НФ-00008073,34.27,,UAH,true
НФ-00004954,178.18,,UAH,true
НФ-00001523,264.15,,UAH,true
НФ-00002682,191.27,,UAH,true
НФ-00005228,231.14,,UAH,true
НФ-00004582,495.29,,UAH,true
НФ-00007614,627.37,,UAH,true
НФ-00006259,46.1,,UAH,true
НФ-00006092,330.19,,UAH,true
НФ-00005284,231.14,,UAH,true
НФ-00003153,16.83,,UAH,true
НФ-00003125,198.11,,UAH,true
НФ-00005172,237.99,,UAH,true
НФ-00007525,211.2,,UAH,true
НФ-00003530,545.13,,UAH,true
НФ-00006206,198.11,,UAH,true
НФ-00006019,132.08,,UAH,true
НФ-00002115,363.22,,UAH,true
НФ-00002122,396.23,,UAH,true
НФ-00007074,132.08,,UAH,true
НФ-00005309,462.27,,UAH,true
НФ-00002120,396.23,,UAH,true
НФ-00005048,508.37,,UAH,true
НФ-00002126,264.15,,UAH,true
НФ-00005278,330.19,,UAH,true
НФ-00005277,264.15,,UAH,true
НФ-00007989,317.11,,UAH,true
НФ-00006972,244.22,,UAH,true
НФ-00002687,251.08,,UAH,true
НФ-00007222,99.06,,UAH,true
НФ-00004456,66.04,,UAH,true
НФ-00002548,251.08,,UAH,true
НФ-00004462,59.19,,UAH,true
НФ-00002558,251.08,,UAH,true
НФ-00004941,469.13,,UAH,true
НФ-00007090,76.01,,UAH,true
НФ-00002204,145.17,,UAH,true
НФ-00007998,317.11,,UAH,true
НФ-00002576,251.08,,UAH,true
НФ-00006376,66.04,,UAH,true
НФ-00002197,59.19,,UAH,true
НФ-00006267,231.14,,UAH,true
НФ-00000579,858.49,,UAH,true
НФ-00003160,208.08,,UAH,true
НФ-00003161,201.24,,UAH,true
НФ-00003158,132.08,,UAH,true
НФ-00007078,436.1,,UAH,true
НФ-00006032,52.96,,UAH,true
НФ-00002227,33.03,,UAH,true
НФ-00000577,449.19,,UAH,true
НФ-00005343,759.44,,UAH,true
НФ-00000578,825.48,,UAH,true
НФ-00002212,152.01,,UAH,true
НФ-00006178,1023.6,,UAH,true
НФ-00008068,1340.7,,UAH,true
НФ-00001390,554.47,,UAH,true
НФ-00004788,251.08,,UAH,true
НФ-00004790,251.08,,UAH,true
НФ-00007223,383.15,,UAH,true
НФ-00001397,383.15,,UAH,true
НФ-00000175,376.29,,UAH,true
НФ-00007661,541.39,,UAH,true
НФ-00007284,122.11,,UAH,true
НФ-00007199,416.16,,UAH,true
НФ-00004786,251.08,,UAH,true
НФ-00008060,442.33,,UAH,true
НФ-00008065,561.33,,UAH,true
НФ-00008072,363.22,,UAH,true
НФ-00004787,251.08,,UAH,true
НФ-00004789,251.08,,UAH,true
НФ-00001362,343.28,,UAH,true
НФ-00001381,746.35,,UAH,true
НФ-00007030,416.16,,UAH,true
НФ-00001408,990.57,,UAH,true
НФ-00007189,561.33,,UAH,true
НФ-00001380,561.33,,UAH,true
НФ-00002284,264.15,,UAH,true
НФ-00002313,5613.23,,UAH,true
НФ-00007410,264.15,,UAH,true
НФ-00004927,594.34,,UAH,true
НФ-00002245,990.57,,UAH,true
НФ-00003172,85.97,,UAH,true
НФ-00006974,178.18,,UAH,true
НФ-00001265,198.11,,UAH,true
НФ-00001856,297.18,,UAH,true
НФ-00008026,627.37,,UAH,true
НФ-00004574,297.18,,UAH,true
НФ-00001979,376.29,,UAH,true
НФ-00001986,313.99,,UAH,true
НФ-00001990,231.14,,UAH,true
НФ-00002016,545.13,,UAH,true
НФ-00007321,660.38,,UAH,true
НФ-00003175,195.01,,UAH,true
НФ-00003554,237.99,,UAH,true
НФ-00003565,257.31,,UAH,true
НФ-00003568,264.15,,UAH,true
НФ-00003567,310.25,,UAH,true
НФ-00003570,462.27,,UAH,true
НФ-00003540,330.19,,UAH,true
НФ-00003548,264.15,,UAH,true
НФ-00003558,370.06,,UAH,true
НФ-00000586,204.97,,UAH,true
НФ-00003563,1056.61,,UAH,true
НФ-00003549,125.23,,UAH,true
НФ-00003542,138.94,,UAH,true
НФ-00007583,224.28,,UAH,true
НФ-00003544,171.95,,UAH,true
НФ-00006109,231.14,,UAH,true
НФ-00003543,155.13,,UAH,true
НФ-00001591,264.15,,UAH,true
НФ-00003546,112.14,,UAH,true
НФ-00003569,396.23,,UAH,true
НФ-00003534,145.17,,UAH,true
НФ-00003533,132.08,,UAH,true
НФ-00001796,145.17,,UAH,true
НФ-00000132,244.22,,UAH,true
НФ-00001797,152.01,,UAH,true
НФ-00005354,2311.33,,UAH,true
НФ-00001394,594.34,,UAH,true
НФ-00004970,759.44,,UAH,true
НФ-00001369,581.27,,UAH,true
НФ-00003187,99.06,,UAH,true
НФ-00007027,726.42,,UAH,true
НФ-00000592,429.25,,UAH,true
НФ-00005115,383.15,,UAH,true
НФ-00003184,2971.71,,UAH,true
НФ-00001413,290.32,,UAH,true
НФ-00005353,2047.18,,UAH,true
НФ-00003181,1783.03,,UAH,true
НФ-00003182,1849.06,,UAH,true
НФ-00003188,152.01,,UAH,true
НФ-00004994,304.02,,UAH,true
НФ-00005114,554.47,,UAH,true
НФ-00007536,554.47,,UAH,true
НФ-00005355,2707.56,,UAH,true
НФ-00007435,277.24,,UAH,true
НФ-00007436,370.06,,UAH,true
НФ-00007635,776.89,,UAH,true
НФ-00006235,37.38,,UAH,true
НФ-00007434,221.79,,UAH,true
НФ-00007848,92.2,,UAH,true
НФ-00007039,132.08,,UAH,true
НФ-00007849,409.32,,UAH,true
НФ-00005899,350.13,,UAH,true
НФ-00007040,99.06,,UAH,true
НФ-00004119,290.32,,UAH,true
НФ-00007451,237.99,,UAH,true
НФ-00008031,244.22,,UAH,true
НФ-00003914,462.27,,UAH,true
НФ-00008053,171.95,,UAH,true
НФ-00007873,191.27,,UAH,true
НФ-00007653,152.01,,UAH,true
НФ-00007621,2509.44,,UAH,true
НФ-00007384,99.06,,UAH,true
НФ-00002178,36.13,,UAH,true
НФ-00005173,264.15,,UAH,true
НФ-00006119,1023.6,,UAH,true
НФ-00002559,145.17,,UAH,true
НФ-00005107,1221.71,,UAH,true
НФ-00007387,237.99,,UAH,true
НФ-00002541,158.24,,UAH,true
НФ-00006126,660.38,,UAH,true
НФ-00006115,72.9,,UAH,true
НФ-00006118,66.04,,UAH,true
НФ-00002571,178.18,,UAH,true
НФ-00002569,343.28,,UAH,true
НФ-00007612,396.23,,UAH,true
НФ-00007613,482.2,,UAH,true
НФ-00000609,92.2,,UAH,true
НФ-00000395,198.11,,UAH,true
НФ-00008041,251.08,,UAH,true
НФ-00006211,429.25,,UAH,true
НФ-00000638,33.03,,UAH,true
НФ-00000644,746.35,,UAH,true
НФ-00000643,634.21,,UAH,true
НФ-00002640,224.28,,UAH,true
НФ-00002634,79.13,,UAH,true
НФ-00000640,372.55,,UAH,true
НФ-00004968,297.18,,UAH,true
НФ-00005930,350.13,,UAH,true
НФ-00000642,515.23,,UAH,true
НФ-00002626,113.39,,UAH,true
НФ-00006208,383.15,,UAH,true
НФ-00002631,105.91,,UAH,true
НФ-00005359,363.22,,UAH,true
НФ-00000641,451.68,,UAH,true
НФ-00002619,264.15,,UAH,true
НФ-00004942,11.84,,UAH,true
НФ-00000631,825.48,,UAH,true
НФ-00005985,409.32,,UAH,true
НФ-00004347,52.96,,UAH,true
НФ-00004348,89.1,,UAH,true
НФ-00000871,845.42,,UAH,true
НФ-00004350,33.03,,UAH,true
НФ-00004357,9.97,,UAH,true
НФ-00004346,14.95,,UAH,true
НФ-00006018,2971.71,,UAH,true
НФ-00004360,29.29,,UAH,true
НФ-00004349,21.18,,UAH,true
НФ-00004352,8.11,,UAH,true
НФ-00007924,56.07,,UAH,true
НФ-00003221,122.11,,UAH,true
НФ-00004362,6.86,,UAH,true
НФ-00003220,41.75,,UAH,true
НФ-00005134,297.18,,UAH,true
НФ-00003222,231.14,,UAH,true
НФ-00007925,66.04,,UAH,true
НФ-00006209,89.1,,UAH,true
НФ-00005954,475.36,,UAH,true
НФ-00007483,1188.68,,UAH,true
НФ-00000647,18.07,,UAH,true
НФ-00007395,247.95,,UAH,true
НФ-00008014,1386.8,,UAH,true
НФ-00007618,475.36,,UAH,true
НФ-00005955,411.81,,UAH,true
НФ-00004929,28.04,,UAH,true
НФ-00003224,290.32,,UAH,true
НФ-00007994,198.11,,UAH,true
НФ-00002390,165.1,,UAH,true
НФ-00007948,825.48,,UAH,true
НФ-00003431,119,,UAH,true
НФ-00001793,115.88,,UAH,true
НФ-00007946,924.53,,UAH,true
НФ-00007950,792.46,,UAH,true
НФ-00007979,264.15,,UAH,true
НФ-00002083,5613.23,,UAH,true
НФ-00007351,145.17,,UAH,true
НФ-00006145,7264.18,,UAH,true
НФ-00007947,1056.61,,UAH,true
НФ-00007951,891.52,,UAH,true
НФ-00007381,673.47,,UAH,true
НФ-00002749,4094.36,,UAH,true
НФ-00006090,607.43,,UAH,true
НФ-00002754,4490.58,,UAH,true
НФ-00002762,3301.9,,UAH,true
НФ-00003646,257.31,,UAH,true
НФ-00002786,3433.98,,UAH,true
НФ-00003650,297.18,,UAH,true
НФ-00003573,370.06,,UAH,true
НФ-00002775,1254.72,,UAH,true
НФ-00002763,4952.85,,UAH,true
НФ-00002784,660.38,,UAH,true
НФ-00008013,561.33,,UAH,true
НФ-00002781,396.23,,UAH,true
НФ-00002785,4094.36,,UAH,true
НФ-00005308,396.23,,UAH,true
НФ-00000538,1386.8,,UAH,true
НФ-00000537,1518.87,,UAH,true
НФ-00003250,653.53,,UAH,true
НФ-00000273,1849.06,,UAH,true
НФ-00003256,2047.18,,UAH,true
НФ-00005986,3830.2,,UAH,true
НФ-00007179,165.1,,UAH,true
НФ-00008046,3632.09,,UAH,true
НФ-00002880,297.18,,UAH,true
НФ-00002885,297.18,,UAH,true
НФ-00002872,677.21,,UAH,true
НФ-00002897,660.38,,UAH,true
НФ-00002869,436.1,,UAH,true
НФ-00002868,436.1,,UAH,true
НФ-00002883,297.18,,UAH,true
НФ-00002920,627.37,,UAH,true
НФ-00002916,627.37,,UAH,true
НФ-00002926,297.18,,UAH,true
НФ-00002929,297.18,,UAH,true
НФ-00002922,693.41,,UAH,true
НФ-00002925,297.18,,UAH,true
НФ-00002905,330.19,,UAH,true
НФ-00002937,528.3,,UAH,true
НФ-00002800,304.02,,UAH,true
НФ-00002825,693.41,,UAH,true
НФ-00002799,304.02,,UAH,true
НФ-00002798,304.02,,UAH,true
НФ-00007712,792.46,,UAH,true
НФ-00005081,13207.6,,UAH,true
НФ-00001620,3433.98,,UAH,true
НФ-00006364,891.52,,UAH,true
НФ-00003261,924.53,,UAH,true
НФ-00000637,389.38,,UAH,true
НФ-00007543,264.15,,UAH,true
НФ-00001619,2113.22,,UAH,true
НФ-00005080,8717.02,,UAH,true
НФ-00002221,363.22,,UAH,true
НФ-00005264,224.28,,UAH,true
НФ-00000167,125.23,,UAH,true
НФ-00000177,178.18,,UAH,true
НФ-00000188,198.11,,UAH,true
НФ-00008033,145.17,,UAH,true
НФ-00007966,178.18,,UAH,true
НФ-00006017,105.91,,UAH,true
НФ-00004377,4.37,,UAH,true
НФ-00000657,594.34,,UAH,true
НФ-00004389,231.14,,UAH,true
НФ-00004376,4.98,,UAH,true
НФ-00004385,158.24,,UAH,true
НФ-00004387,178.18,,UAH,true
НФ-00007632,1386.8,,UAH,true
НФ-00007391,508.37,,UAH,true
НФ-00007167,34.89,,UAH,true
НФ-00007408,211.2,,UAH,true
НФ-00006997,726.42,,UAH,true
НФ-00007340,92.2,,UAH,true
НФ-00006008,99.06,,UAH,true
НФ-00007226,574.41,,UAH,true
НФ-00005338,79.13,,UAH,true
НФ-00007082,132.08,,UAH,true
НФ-00000669,561.33,,UAH,true
НФ-00003273,396.23,,UAH,true
НФ-00006232,28.66,,UAH,true
НФ-00004781,1783.03,,UAH,true
НФ-00007967,297.18,,UAH,true
НФ-00007165,594.34,,UAH,true
НФ-00003265,105.91,,UAH,true
НФ-00007973,251.08,,UAH,true
НФ-00008039,363.22,,UAH,true
НФ-00006228,72.9,,UAH,true
НФ-00003279,3500.01,,UAH,true
НФ-00006273,198.11,,UAH,true
НФ-00003280,5084.93,,UAH,true
НФ-00002234,614.28,,UAH,true
НФ-00007859,845.42,,UAH,true
НФ-00003282,5018.89,,UAH,true
НФ-00006976,85.97,,UAH,true
НФ-00007687,132.08,,UAH,true
НФ-00003416,23113.3,,UAH,true
НФ-00007858,845.42,,UAH,true
НФ-00007857,1452.84,,UAH,true
НФ-00000671,52.96,,UAH,true
НФ-00004961,409.32,,UAH,true
НФ-00003312,178.18,,UAH,true
НФ-00003302,66.04,,UAH,true
НФ-00003298,145.17,,UAH,true
НФ-00003311,132.08,,UAH,true
НФ-00007540,1518.87,,UAH,true
НФ-00007541,3830.2,,UAH,true
НФ-00005157,224.28,,UAH,true
НФ-00000951,132.08,,UAH,true
НФ-00005945,138.94,,UAH,true
НФ-00005947,198.11,,UAH,true
НФ-00000961,125.23,,UAH,true
НФ-00004985,310.25,,UAH,true
НФ-00003339,251.08,,UAH,true
НФ-00000939,171.95,,UAH,true
НФ-00003575,198.11,,UAH,true
НФ-00000944,62.93,,UAH,true
НФ-00000959,119,,UAH,true
НФ-00000938,85.97,,UAH,true
НФ-00007355,165.1,,UAH,true
НФ-00000986,231.14,,UAH,true
НФ-00000978,261.04,,UAH,true
НФ-00000989,247.95,,UAH,true
НФ-00001010,72.9,,UAH,true
НФ-00000962,125.23,,UAH,true
НФ-00000979,138.94,,UAH,true
НФ-00000990,330.19,,UAH,true
НФ-00000999,165.1,,UAH,true
НФ-00000973,72.9,,UAH,true
НФ-00000988,152.01,,UAH,true
НФ-00004986,251.08,,UAH,true
НФ-00000967,198.11,,UAH,true
НФ-00000964,138.94,,UAH,true
НФ-00000971,72.9,,UAH,true
НФ-00001001,429.25,,UAH,true
НФ-00000983,168.21,,UAH,true
НФ-00000987,237.99,,UAH,true
НФ-00000998,218.05,,UAH,true
НФ-00006132,165.1,,UAH,true
НФ-00001007,171.95,,UAH,true
НФ-00000995,277.24,,UAH,true
НФ-00000994,158.24,,UAH,true
НФ-00000963,145.17,,UAH,true
НФ-00000980,218.05,,UAH,true
НФ-00001411,244.22,,UAH,true
НФ-00004998,171.95,,UAH,true
НФ-00001417,228.02,,UAH,true
НФ-00001020,145.17,,UAH,true
НФ-00005160,317.11,,UAH,true
НФ-00008038,396.23,,UAH,true
НФ-00006133,528.3,,UAH,true
НФ-00005159,304.02,,UAH,true
НФ-00003348,264.15,,UAH,true
НФ-00005281,237.99,,UAH,true
НФ-00004987,161.98,,UAH,true
НФ-00001023,158.24,,UAH,true
НФ-00004928,158.24,,UAH,true
НФ-00006210,175.07,,UAH,true
НФ-00002646,578.14,,UAH,true
НФ-00007682,231.14,,UAH,true
НФ-00003514,495.29,,UAH,true
НФ-00008045,924.53,,UAH,true
НФ-00003446,5775.21,,UAH,true
НФ-00003449,10267.04,,UAH,true
НФ-00003447,6273.61,,UAH,true
НФ-00003442,9946.2,,UAH,true
НФ-00003441,5582.71,,UAH,true
НФ-00003436,7058.59,,UAH,true
НФ-00004406,211.2,,UAH,true
НФ-00002182,1452.84,,UAH,true
НФ-00003061,231.14,,UAH,true
НФ-00007412,396.23,,UAH,true
НФ-00007194,251.08,,UAH,true
НФ-00003059,175.07,,UAH,true
НФ-00007550,317.11,,UAH,true
НФ-00003454,16683.94,,UAH,true
НФ-00003440,11871.27,,UAH,true
НФ-00003060,356.36,,UAH,true
НФ-00005381,990.57,,UAH,true
НФ-00003456,17325.63,,UAH,true
НФ-00007366,231.14,,UAH,true
НФ-00005380,561.33,,UAH,true
НФ-00003350,224.28,,UAH,true
НФ-00007197,264.15,,UAH,true
НФ-00003455,17830.26,,UAH,true
НФ-00006375,105.91,,UAH,true
НФ-00004093,89.1,,UAH,true
НФ-00003063,105.91,,UAH,true
НФ-00007852,264.15,,UAH,true
НФ-00006187,198.11,,UAH,true
НФ-00004118,99.06,,UAH,true
НФ-00003631,7264.18,,UAH,true
НФ-00005314,79.13,,UAH,true
НФ-00007446,138.94,,UAH,true
НФ-00003627,627.37,,UAH,true
НФ-00001063,178.18,,UAH,true
НФ-00003613,4952.85,,UAH,true
НФ-00003622,1188.68,,UAH,true
НФ-00006166,13.09,,UAH,true
НФ-00003662,858.49,,UAH,true
НФ-00003661,832.33,,UAH,true
НФ-00003739,231.14,,UAH,true
НФ-00003746,1023.6,,UAH,true
НФ-00003741,1023.6,,UAH,true
НФ-00008070,838.56,,UAH,true
НФ-00005005,792.46,,UAH,true
НФ-00007033,812.39,,UAH,true
НФ-00003742,759.44,,UAH,true
НФ-00007354,231.14,,UAH,true
НФ-00008042,479.09,,UAH,true
НФ-00005231,838.56,,UAH,true
НФ-00007352,495.29,,UAH,true
НФ-00004099,257.31,,UAH,true
НФ-00007364,713.34,,UAH,true
НФ-00007663,686.55,,UAH,true
НФ-00007689,634.21,,UAH,true
НФ-00004097,175.07,,UAH,true
НФ-00005057,158.24,,UAH,true
НФ-00007166,274.12,,UAH,true
НФ-00007664,1155.67,,UAH,true
НФ-00003824,105.91,,UAH,true
НФ-00003816,871.58,,UAH,true
НФ-00003813,47.35,,UAH,true
НФ-00003819,386.26,,UAH,true
НФ-00007045,1056.61,,UAH,true
НФ-00007526,957.56,,UAH,true
НФ-00005901,396.23,,UAH,true
НФ-00006025,1069.7,,UAH,true
НФ-00003903,1479,,UAH,true
НФ-00003883,99.06,,UAH,true
НФ-00007228,277.24,,UAH,true
НФ-00007278,693.41,,UAH,true
НФ-00003881,264.15,,UAH,true
НФ-00003922,502.14,,UAH,true
НФ-00004957,145.17,,UAH,true
НФ-00006026,132.08,,UAH,true
НФ-00004124,924.53,,UAH,true
НФ-00003949,218.05,,UAH,true
НФ-00005055,92.2,,UAH,true
НФ-00006031,145.17,,UAH,true
НФ-00007954,237.99,,UAH,true
НФ-00007930,66.04,,UAH,true
НФ-00007862,429.25,,UAH,true
НФ-00006024,198.11,,UAH,true
НФ-00004138,42.99,,UAH,true
НФ-00003365,79.13,,UAH,true
НФ-00004145,165.1,,UAH,true
НФ-00003808,211.2,,UAH,true
НФ-00007956,165.1,,UAH,true
НФ-00006028,1023.6,,UAH,true
НФ-00007875,660.38,,UAH,true
НФ-00003832,165.1,,UAH,true
НФ-00003948,231.14,,UAH,true
НФ-00005902,99.06,,UAH,true
НФ-00006030,290.32,,UAH,true
НФ-00007876,145.17,,UAH,true
НФ-00005238,561.33,,UAH,true
НФ-00004860,3080.11,,UAH,true
НФ-00003296,105.91,,UAH,true
НФ-00006374,284.09,,UAH,true
НФ-00005058,145.17,,UAH,true
НФ-00006027,653.53,,UAH,true
НФ-00005237,383.15,,UAH,true
НФ-00006029,825.48,,UAH,true
НФ-00003878,59.19,,UAH,true
НФ-00003910,957.56,,UAH,true
НФ-00007394,215.56,,UAH,true
НФ-00007843,330.19,,UAH,true
НФ-00006022,66.04,,UAH,true
НФ-00007877,158.24,,UAH,true
НФ-00007957,310.25,,UAH,true
НФ-00005916,198.11,,UAH,true
НФ-00005066,277.24,,UAH,true
НФ-00004197,528.3,,UAH,true
НФ-00006181,495.29,,UAH,true
НФ-00006977,264.15,,UAH,true
НФ-00007301,198.11,,UAH,true
НФ-00006138,660.38,,UAH,true
НФ-00005989,356.36,,UAH,true
НФ-00006139,660.38,,UAH,true
НФ-00007880,277.24,,UAH,true
НФ-00004227,36.13,,UAH,true
НФ-00006140,660.38,,UAH,true
НФ-00004211,109.03,,UAH,true
НФ-00004207,693.41,,UAH,true
НФ-00004209,462.27,,UAH,true
НФ-00005971,198.11,,UAH,true
НФ-00004212,442.33,,UAH,true
НФ-00004213,389.38,,UAH,true
НФ-00004234,165.1,,UAH,true
НФ-00004217,42.99,,UAH,true
НФ-00005970,185.04,,UAH,true
НФ-00004215,396.23,,UAH,true
НФ-00004210,462.27,,UAH,true
НФ-00006141,660.38,,UAH,true
НФ-00005969,198.11,,UAH,true
НФ-00000699,297.18,,UAH,true
НФ-00004251,125.23,,UAH,true
НФ-00004255,389.38,,UAH,true
НФ-00004248,333.31,,UAH,true
НФ-00004252,125.23,,UAH,true
НФ-00006366,429.25,,UAH,true
НФ-00004256,290.32,,UAH,true
НФ-00000695,231.14,,UAH,true
НФ-00006367,317.11,,UAH,true
НФ-00004262,370.06,,UAH,true
НФ-00004431,39.87,,UAH,true
НФ-00004417,34.27,,UAH,true
НФ-00004408,34.89,,UAH,true
НФ-00004415,29.9,,UAH,true
НФ-00004424,19.94,,UAH,true
НФ-00004412,26.17,,UAH,true
НФ-00004435,59.19,,UAH,true
НФ-00000702,370.06,,UAH,true
НФ-00004436,109.03,,UAH,true
НФ-00000704,462.27,,UAH,true
НФ-00004826,66.04,,UAH,true
НФ-00004825,41.12,,UAH,true
НФ-00004287,23.06,,UAH,true
НФ-00005240,29.9,,UAH,true
НФ-00004411,19.94,,UAH,true
НФ-00004428,6.86,,UAH,true
НФ-00004475,13.09,,UAH,true
НФ-00000711,52.96,,UAH,true
НФ-00004458,79.13,,UAH,true
НФ-00004454,145.17,,UAH,true
НФ-00004470,26.17,,UAH,true
НФ-00005907,251.08,,UAH,true
НФ-00003371,254.18,,UAH,true
НФ-00005170,26.17,,UAH,true
НФ-00004469,26.17,,UAH,true
НФ-00007345,535.16,,UAH,true
НФ-00003722,277.24,,UAH,true
НФ-00003729,76.01,,UAH,true
НФ-00003725,300.29,,UAH,true
НФ-00005239,521.46,,UAH,true
НФ-00005913,370.06,,UAH,true
НФ-00003710,528.3,,UAH,true
НФ-00005915,475.36,,UAH,true
НФ-00003709,211.2,,UAH,true
НФ-00005912,304.02,,UAH,true
НФ-00003723,277.24,,UAH,true
НФ-00003719,297.18,,UAH,true
НФ-00003578,14.34,,UAH,true
НФ-00005910,363.22,,UAH,true
НФ-00005003,76.01,,UAH,true
НФ-00001028,13.09,,UAH,true
НФ-00001361,541.39,,UAH,true
НФ-00008062,957.56,,UAH,true
НФ-00005161,237.99,,UAH,true
НФ-00008043,119,,UAH,true
НФ-00006247,957.56,,UAH,true
НФ-00003382,528.3,,UAH,true
НФ-00007943,1122.65,,UAH,true
НФ-00003378,594.34,,UAH,true
НФ-00003383,330.19,,UAH,true
НФ-00003381,264.15,,UAH,true
НФ-00007923,290.32,,UAH,true
НФ-00004841,109.03,,UAH,true
НФ-00003384,660.38,,UAH,true
НФ-00003380,1056.61,,UAH,true
НФ-00005949,462.27,,UAH,true
НФ-00007666,706.48,,UAH,true
НФ-00001434,660.38,,UAH,true
НФ-00004960,406.2,,UAH,true
НФ-00001429,673.47,,UAH,true
НФ-00001427,607.43,,UAH,true
НФ-00001441,660.38,,UAH,true
НФ-00005192,1056.61,,UAH,true
НФ-00006184,1386.8,,UAH,true
НФ-00008083,33.03,,UAH,true
НФ-00008084,66.04,,UAH,true
НФ-00008086,56.07,,UAH,true
НФ-00008087,277.24,,UAH,true
НФ-00008090,990.57,,UAH,true
НФ-00008407,42.99,,UAH,true
НФ-00008413,284.09,,UAH,true
НФ-00008414,198.11,,UAH,true
НФ-00008418,2113.22,,UAH,true
НФ-00008420,15849.12,,UAH,true
НФ-00008421,2245.29,,UAH,true
НФ-00008429,224.28,,UAH,true
НФ-00008430,62.93,,UAH,true
НФ-00008432,1023.6,,UAH,true
НФ-00008447,541.39,,UAH,true
НФ-00008440,231.14,,UAH,true
НФ-00008441,231.14,,UAH,true
НФ-00008442,304.02,,UAH,true
НФ-00008443,231.14,,UAH,true
НФ-00008444,92.2,,UAH,true
НФ-00008446,587.5,,UAH,true
НФ-00008448,482.2,,UAH,true
НФ-00008453,6933.99,,UAH,true
НФ-00008455,105.91,,UAH,true
НФ-00008457,462.27,,UAH,true
НФ-00008458,132.08,,UAH,true
НФ-00008468,2311.33,,UAH,true
НФ-00008484,176.32,,UAH,true
НФ-00008485,183.16,,UAH,true
НФ-00008489,166.35,,UAH,true
НФ-00008490,172.58,,UAH,true
НФ-00008494,218.68,,UAH,true
НФ-00008495,218.05,,UAH,true
НФ-00008496,249.2,,UAH,true
НФ-00008497,249.2,,UAH,true
НФ-00008501,209.96,,UAH,true
НФ-00008502,264.15,,UAH,true
НФ-00008504,201.85,,UAH,true
НФ-00008505,210.57,,UAH,true
НФ-00008506,259.17,,UAH,true
НФ-00008507,193.76,,UAH,true
НФ-00008508,330.19,,UAH,true
НФ-00008509,145.17,,UAH,true
НФ-00008510,231.14,,UAH,true
НФ-00008512,442.33,,UAH,true
НФ-00008513,429.25,,UAH,true
НФ-00008515,449.19,,UAH,true
НФ-00008516,237.99,,UAH,true
НФ-00008517,515.23,,UAH,true
НФ-00008518,396.23,,UAH,true
НФ-00008520,462.27,,UAH,true
НФ-00008525,462.27,,UAH,true
НФ-00008526,244.22,,UAH,true
НФ-00008528,244.22,,UAH,true
НФ-00008529,4490.58,,UAH,true
НФ-00008531,284.09,,UAH,true
НФ-00008536,363.22,,UAH,true
НФ-00008537,99.06,,UAH,true
НФ-00008538,171.95,,UAH,true
НФ-00008539,317.11,,UAH,true
НФ-00008541,171.95,,UAH,true
НФ-00008542,148.9,,UAH,true
НФ-00008556,105.91,,UAH,true
НФ-00008558,66.04,,UAH,true
НФ-00008559,244.22,,UAH,true
НФ-00008563,158.24,,UAH,true
НФ-00008564,251.08,,UAH,true
НФ-00008565,264.15,,UAH,true
НФ-00008566,1584.91,,UAH,true
НФ-00008570,647.3,,UAH,true
НФ-00008546,85.97,,UAH,true
НФ-00008547,99.06,,UAH,true
НФ-00008548,304.02,,UAH,true
НФ-00008551,171.95,,UAH,true
НФ-00007931,152.01,,UAH,true
НФ-00007932,211.2,,UAH,true
НФ-00007933,132.08,,UAH,true
НФ-00007935,128.97,,UAH,true
НФ-00008583,290.32,,UAH,true
НФ-00008592,1122.65,,UAH,true
НФ-00008593,660.38,,UAH,true
НФ-00008578,330.19,,UAH,true
НФ-00008581,627.37,,UAH,true
НФ-00008588,1650.95,,UAH,true
НФ-00008589,1584.91,,UAH,true
НФ-00008574,132.08,,UAH,true
НФ-00008580,462.27,,UAH,true
НФ-00008575,251.08,,UAH,true
НФ-00008590,1650.95,,UAH,true
НФ-00008577,99.06,,UAH,true
НФ-00008594,29.9,,UAH,true
НФ-00008597,92.2,,UAH,true
НФ-00008599,119,,UAH,true
НФ-00008600,92.2,,UAH,true
НФ-00008602,105.91,,UAH,true
НФ-00008604,112.14,,UAH,true
НФ-00008605,79.13,,UAH,true
НФ-00008606,152.01,,UAH,true
НФ-00008607,145.17,,UAH,true
НФ-00008608,317.11,,UAH,true
НФ-00008609,92.2,,UAH,true
НФ-00008610,237.99,,UAH,true
НФ-00008611,119,,UAH,true
НФ-00008612,251.08,,UAH,true
НФ-00008614,442.33,,UAH,true
НФ-00008618,389.38,,UAH,true
НФ-00008619,231.14,,UAH,true
НФ-00008622,713.34,,UAH,true
НФ-00008623,475.36,,UAH,true
НФ-00008624,277.24,,UAH,true
НФ-00008627,5415.12,,UAH,true
НФ-00008629,231.14,,UAH,true
НФ-00008630,231.14,,UAH,true
НФ-00008633,396.23,,UAH,true
НФ-00008634,442.33,,UAH,true
НФ-00008637,1254.72,,UAH,true
НФ-00008638,475.36,,UAH,true
НФ-00008639,237.99,,UAH,true
НФ-00008641,561.33,,UAH,true
НФ-00008643,3433.98,,UAH,true
НФ-00008644,158.24,,UAH,true
НФ-00008645,1716.99,,UAH,true
НФ-00008646,706.48,,UAH,true
НФ-00008647,845.42,,UAH,true
НФ-00008649,165.1,,UAH,true
НФ-00008706,132.08,,UAH,true
НФ-00008654,115.88,,UAH,true
НФ-00008655,290.32,,UAH,true
НФ-00008658,185.04,,UAH,true
НФ-00008660,528.3,,UAH,true
НФ-00008663,158.24,,UAH,true
НФ-00008664,515.23,,UAH,true
НФ-00008665,290.32,,UAH,true
НФ-00008666,85.97,,UAH,true
НФ-00008668,237.99,,UAH,true
НФ-00008669,1419.82,,UAH,true
НФ-00008671,436.1,,UAH,true
НФ-00008673,2971.71,,UAH,true
НФ-00008674,924.53,,UAH,true
НФ-00008678,990.57,,UAH,true
НФ-00008679,370.06,,UAH,true
НФ-00008681,495.29,,UAH,true
НФ-00008682,198.11,,UAH,true
НФ-00008683,640.44,,UAH,true
НФ-00008684,594.34,,UAH,true
НФ-00008685,726.42,,UAH,true
НФ-00008689,561.33,,UAH,true
НФ-00008693,350.13,,UAH,true
НФ-00008695,1109.57,,UAH,true
НФ-00008698,462.27,,UAH,true
НФ-00008699,957.56,,UAH,true
НФ-00008700,693.41,,UAH,true
НФ-00008704,1683.98,,UAH,true
НФ-00008707,515.23,,UAH,true
НФ-00008709,858.49,,UAH,true
НФ-00008710,594.34,,UAH,true
НФ-00008714,198.11,,UAH,true
НФ-00008715,72.9,,UAH,true
НФ-00008716,128.97,,UAH,true
НФ-00008717,152.01,,UAH,true
НФ-00008719,561.33,,UAH,true
НФ-00008720,680.32,,UAH,true
НФ-00008722,66.04,,UAH,true
НФ-00008723,409.32,,UAH,true
НФ-00008730,396.23,,UAH,true
НФ-00008731,627.37,,UAH,true
НФ-00008733,495.29,,UAH,true
НФ-00008734,462.27,,UAH,true
НФ-00008735,1452.84,,UAH,true
НФ-00008736,627.37,,UAH,true
НФ-00008739,363.22,,UAH,true
НФ-00008740,224.28,,UAH,true
НФ-00008743,1089.63,,UAH,true
НФ-00008750,396.23,,UAH,true
НФ-00008751,211.2,,UAH,true
НФ-00008758,1650.95,,UAH,true
НФ-00008760,1320.76,,UAH,true
НФ-00008761,1386.8,,UAH,true
НФ-00008762,1849.06,,UAH,true
НФ-00008754,1386.8,,UAH,true
НФ-00008763,1915.1,,UAH,true
НФ-00008769,924.53,,UAH,true
НФ-00008774,409.32,,UAH,true
НФ-00008775,436.1,,UAH,true
НФ-00008776,317.11,,UAH,true
НФ-00008777,541.39,,UAH,true
НФ-00008778,693.41,,UAH,true
НФ-00008779,528.3,,UAH,true
НФ-00008780,759.44,,UAH,true
НФ-00008781,396.23,,UAH,true
НФ-00008783,138.94,,UAH,true
НФ-00008789,759.44,,UAH,true
НФ-00008785,231.14,,UAH,true
НФ-00008786,317.11,,UAH,true
НФ-00008787,1518.87,,UAH,true
НФ-00008791,924.53,,UAH,true
НФ-00008793,5613.23,,UAH,true
НФ-00008794,5150.96,,UAH,true
НФ-00008798,686.55,,UAH,true
НФ-00008802,165.1,,UAH,true
НФ-00008805,594.34,,UAH,true
НФ-00008808,323.34,,UAH,true
НФ-00008809,990.57,,UAH,true
НФ-00008810,1584.91,,UAH,true
НФ-00008799,686.55,,UAH,true
НФ-00008812,779.38,,UAH,true
НФ-00008814,792.46,,UAH,true
НФ-00008815,297.18,,UAH,true
НФ-00008816,363.22,,UAH,true
НФ-00008818,383.15,,UAH,true
НФ-00008821,218.05,,UAH,true
НФ-00008822,1056.61,,UAH,true
НФ-00008823,1254.72,,UAH,true
НФ-00008824,891.52,,UAH,true
НФ-00008827,2377.37,,UAH,true
НФ-00008829,1915.1,,UAH,true
НФ-00008830,2311.33,,UAH,true
НФ-00008831,2113.22,,UAH,true
НФ-00008832,2971.71,,UAH,true
НФ-00008835,1849.06,,UAH,true
НФ-00008836,2562.41,,UAH,true
НФ-00008837,1849.06,,UAH,true
НФ-00008850,2047.18,,UAH,true
НФ-00008849,2245.29,,UAH,true
НФ-00008851,6603.8,,UAH,true
НФ-00008852,614.28,,UAH,true
НФ-00008859,152.01,,UAH,true
НФ-00008865,1188.68,,UAH,true
НФ-00008860,429.25,,UAH,true
НФ-00008858,145.17,,UAH,true
НФ-00008861,198.11,,UAH,true
НФ-00008856,442.33,,UAH,true
НФ-00008854,52.96,,UAH,true
НФ-00008857,363.22,,UAH,true
НФ-00008853,330.19,,UAH,true
НФ-00008840,376.29,,UAH,true
НФ-00008844,561.33,,UAH,true
НФ-00008845,165.1,,UAH,true
НФ-00008847,858.49,,UAH,true
НФ-00008867,581.27,,UAH,true
НФ-00008868,1617.94,,UAH,true
НФ-00008869,224.28,,UAH,true
НФ-00008871,92.2,,UAH,true
НФ-00008872,1320.76,,UAH,true
НФ-00008875,1716.99,,UAH,true
НФ-00008877,3566.05,,UAH,true
НФ-00008878,2311.33,,UAH,true
НФ-00008881,99.06,,UAH,true
НФ-00008891,858.49,,UAH,true
НФ-00008886,132.08,,UAH,true
НФ-00008895,66.04,,UAH,true
НФ-00008899,1981.14,,UAH,true
НФ-00008900,6735.88,,UAH,true
НФ-00008901,9377.4,,UAH,true
НФ-00008902,320.22,,UAH,true
НФ-00008904,1148.81,,UAH,true
НФ-00008909,974.37,,UAH,true
НФ-00008910,858.49,,UAH,true
НФ-00008907,4490.58,,UAH,true
НФ-00008905,1096.48,,UAH,true
НФ-00008915,105.91,,UAH,true
НФ-00008927,51.72,,UAH,true
НФ-00008929,330.19,,UAH,true
НФ-00008930,594.34,,UAH,true
НФ-00008931,462.27,,UAH,true
НФ-00008937,383.15,,UAH,true
НФ-00008940,325.21,,UAH,true
НФ-00008941,297.18,,UAH,true
НФ-00008943,231.14,,UAH,true
НФ-00008945,752.58,,UAH,true
НФ-00008961,40.5,,UAH,true
НФ-00008965,528.3,,UAH,true
НФ-00008968,290.32,,UAH,true
НФ-00008969,422.39,,UAH,true
НФ-00008972,792.46,,UAH,true
НФ-00008973,607.43,,UAH,true
НФ-00008975,782.49,,UAH,true
НФ-00008984,1849.06,,UAH,true
НФ-00008986,2311.33,,UAH,true
НФ-00008987,3962.28,,UAH,true
НФ-00008988,5613.23,,UAH,true
НФ-00008989,3433.98,,UAH,true
НФ-00008992,218.05,,UAH,true
НФ-00008993,191.27,,UAH,true
НФ-00008995,363.22,,UAH,true
НФ-00008997,759.44,,UAH,true
НФ-00008999,759.44,,UAH,true
НФ-00009001,380.03,,UAH,true
НФ-00009003,545.13,,UAH,true
НФ-00009007,759.44,,UAH,true
НФ-00009008,1320.76,,UAH,true
НФ-00009009,858.49,,UAH,true
НФ-00009010,743.25,,UAH,true
НФ-00008991,2113.22,,UAH,true
НФ-00009016,677.21,,UAH,true
НФ-00009020,1205.51,,UAH,true
НФ-00009021,941.36,,UAH,true
НФ-00009022,891.52,,UAH,true
НФ-00009023,974.37,,UAH,true
НФ-00009024,858.49,,UAH,true
НФ-00009025,528.3,,UAH,true
НФ-00009026,1716.99,,UAH,true
НФ-00009028,1664.04,,UAH,true
НФ-00009031,1254.72,,UAH,true
НФ-00009033,713.34,,UAH,true
НФ-00009034,2509.44,,UAH,true
НФ-00009040,1403.63,,UAH,true
НФ-00009042,1931.93,,UAH,true
НФ-00009043,2047.18,,UAH,true
НФ-00009044,1750.01,,UAH,true
НФ-00009045,1710.14,,UAH,true
НФ-00009046,2509.44,,UAH,true
НФ-00009048,2641.52,,UAH,true
НФ-00009050,3301.9,,UAH,true
НФ-00009051,924.53,,UAH,true
НФ-00009053,3367.94,,UAH,true
НФ-00009058,49.84,,UAH,true
НФ-00009062,297.18,,UAH,true
НФ-00009063,561.33,,UAH,true
НФ-00009077,396.23,,UAH,true
НФ-00009078,82.87,,UAH,true
НФ-00009074,3698.13,,UAH,true
НФ-00009072,2575.48,,UAH,true
НФ-00009073,3301.9,,UAH,true
НФ-00009075,3962.28,,UAH,true
НФ-00009064,495.29,,UAH,true
НФ-00009076,1783.03,,UAH,true
НФ-00009081,330.19,,UAH,true
НФ-00009082,224.28,,UAH,true
НФ-00009083,449.19,,UAH,true
НФ-00009085,125.23,,UAH,true
НФ-00009086,109.03,,UAH,true
НФ-00009087,71.02,,UAH,true
НФ-00009089,911.46,,UAH,true
НФ-00009090,277.24,,UAH,true
НФ-00009092,594.34,,UAH,true
НФ-00009093,726.42,,UAH,true
НФ-00009094,370.06,,UAH,true
НФ-00009095,581.27,,UAH,true
НФ-00009101,858.49,,UAH,true
НФ-00009102,845.42,,UAH,true
НФ-00009105,1188.68,,UAH,true
НФ-00009126,264.15,,UAH,true
НФ-00009125,363.22,,UAH,true
НФ-00009127,396.23,,UAH,true
НФ-00009129,1320.76,,UAH,true
НФ-00009131,5283.04,,UAH,true
НФ-00009132,515.23,,UAH,true
НФ-00009133,462.27,,UAH,true
НФ-00009135,277.24,,UAH,true
НФ-00009136,152.01,,UAH,true
НФ-00009140,152.01,,UAH,true
НФ-00009145,52.96,,UAH,true
НФ-00009143,237.99,,UAH,true
НФ-00009142,370.06,,UAH,true
НФ-00009153,462.27,,UAH,true
НФ-00009154,561.33,,UAH,true
НФ-00009155,924.53,,UAH,true
НФ-00009157,528.3,,UAH,true
НФ-00009158,845.42,,UAH,true
НФ-00009159,152.01,,UAH,true
НФ-00009160,858.49,,UAH,true
НФ-00009163,792.46,,UAH,true
НФ-00009164,2773.6,,UAH,true
НФ-00009165,3103.79,,UAH,true
НФ-00009166,1518.87,,UAH,true
НФ-00009168,1783.03,,UAH,true
НФ-00009169,2311.33,,UAH,true
НФ-00009170,4754.74,,UAH,true
НФ-00009184,231.14,,UAH,true
НФ-00009182,185.04,,UAH,true
НФ-00009185,488.43,,UAH,true
НФ-00009181,185.04,,UAH,true
НФ-00009188,792.46,,UAH,true
НФ-00009192,2575.48,,UAH,true
НФ-00009195,264.15,,UAH,true
НФ-00009196,495.29,,UAH,true
НФ-00009197,462.27,,UAH,true
НФ-00009199,198.11,,UAH,true
НФ-00009200,132.08,,UAH,true
НФ-00009201,271.01,,UAH,true
НФ-00009202,158.24,,UAH,true
НФ-00009203,36.13,,UAH,true
НФ-00009205,79.13,,UAH,true
НФ-00009207,99.06,,UAH,true
НФ-00009210,152.01,,UAH,true
НФ-00009211,132.08,,UAH,true
НФ-00009213,145.17,,UAH,true
НФ-00009215,33.03,,UAH,true
НФ-00009216,33.03,,UAH,true
НФ-00009218,33.03,,UAH,true
НФ-00009219,11.84,,UAH,true
НФ-00009220,19.94,,UAH,true
НФ-00009221,13.09,,UAH,true
НФ-00009222,26.17,,UAH,true
НФ-00009230,449.19,,UAH,true
НФ-00009228,1849.06,,UAH,true
НФ-00009232,1584.91,,UAH,true
НФ-00009226,627.37,,UAH,true
НФ-00009225,211.2,,UAH,true
НФ-00009233,198.11,,UAH,true
НФ-00009234,138.94,,UAH,true
НФ-00009235,792.46,,UAH,true
НФ-00009239,693.41,,UAH,true
НФ-00009240,1010.51,,UAH,true
НФ-00009245,495.29,,UAH,true
НФ-00009246,495.29,,UAH,true
НФ-00009247,495.29,,UAH,true
НФ-00009249,462.27,,UAH,true
НФ-00009250,594.34,,UAH,true
НФ-00009251,812.39,,UAH,true
НФ-00009259,660.38,,UAH,true
НФ-00009258,178.18,,UAH,true
НФ-00009263,1089.63,,UAH,true
НФ-00009264,2311.33,,UAH,true
НФ-00009266,475.36,,UAH,true
НФ-00009267,363.22,,UAH,true
НФ-00009268,277.24,,UAH,true
НФ-00009270,317.11,,UAH,true
НФ-00009271,297.18,,UAH,true
НФ-00009272,1221.71,,UAH,true
НФ-00009273,620.51,,UAH,true
НФ-00009274,495.29,,UAH,true
НФ-00009275,548.24,,UAH,true
НФ-00009293,743.25,,UAH,true
НФ-00009289,759.44,,UAH,true
НФ-00009296,3820.24,,UAH,true
НФ-00009282,347.02,,UAH,true
НФ-00009280,264.15,,UAH,true
НФ-00009281,462.27,,UAH,true
НФ-00009287,673.47,,UAH,true
НФ-00009285,627.37,,UAH,true
НФ-00009284,561.33,,UAH,true
НФ-00009294,561.33,,UAH,true
НФ-00009297,3047.72,,UAH,true
НФ-00009306,485.32,,UAH,true
НФ-00009307,297.18,,UAH,true
НФ-00009308,1023.6,,UAH,true
НФ-00009309,673.47,,UAH,true
НФ-00009311,891.52,,UAH,true
НФ-00009313,416.16,,UAH,true
НФ-00009276,2509.44,,UAH,true
НФ-00009315,990.57,,UAH,true
НФ-00009317,1016.74,,UAH,true
НФ-00009318,1003.66,,UAH,true
НФ-00009319,792.46,,UAH,true
НФ-00009321,1122.65,,UAH,true
НФ-00009324,2806.62,,UAH,true
НФ-00009341,119,,UAH,true
НФ-00009359,49.84,,UAH,true
НФ-00009360,66.04,,UAH,true
НФ-00009361,82.87,,UAH,true
НФ-00009362,99.06,,UAH,true
НФ-00009363,1122.65,,UAH,true
НФ-00009365,2575.48,,UAH,true
НФ-00009368,990.57,,UAH,true
НФ-00009372,1221.71,,UAH,true
НФ-00009373,871.58,,UAH,true
НФ-00009376,1089.63,,UAH,true
НФ-00009379,1089.63,,UAH,true
НФ-00009383,1452.84,,UAH,true
НФ-00009385,1485.86,,UAH,true
НФ-00009386,1320.76,,UAH,true
НФ-00009390,2443.41,,UAH,true
НФ-00009392,138.94,,UAH,true
НФ-00009394,2509.44,,UAH,true
НФ-00009395,92.2,,UAH,true
НФ-00009396,1188.68,,UAH,true
НФ-00009398,2971.71,,UAH,true
НФ-00009399,72.9,,UAH,true
НФ-00009401,2047.18,,UAH,true
НФ-00009402,779.38,,UAH,true
НФ-00009403,990.57,,UAH,true
НФ-00009404,198.11,,UAH,true
НФ-00009406,175.07,,UAH,true
НФ-00009407,313.99,,UAH,true
НФ-00009408,231.14,,UAH,true
НФ-00009410,792.46,,UAH,true
НФ-00009411,891.52,,UAH,true
НФ-00009393,2047.18,,UAH,true
НФ-00009412,5613.23,,UAH,true
НФ-00009413,8254.75,,UAH,true
НФ-00009415,746.35,,UAH,true
НФ-00009416,792.46,,UAH,true
НФ-00009418,601.2,,UAH,true
НФ-00009419,601.2,,UAH,true
НФ-00009421,772.52,,UAH,true
НФ-00009424,660.38,,UAH,true
НФ-00009428,772.52,,UAH,true
НФ-00009431,858.49,,UAH,true
НФ-00009432,858.49,,UAH,true
НФ-00009433,1201.77,,UAH,true
НФ-00009435,5745.31,,UAH,true
НФ-00009438,277.24,,UAH,true
НФ-00009439,277.24,,UAH,true
НФ-00009440,772.52,,UAH,true
НФ-00009441,772.52,,UAH,true
НФ-00009442,1201.77,,UAH,true
НФ-00009443,3698.13,,UAH,true
НФ-00009444,462.27,,UAH,true
НФ-00009447,3764.17,,UAH,true
НФ-00009450,3962.28,,UAH,true
НФ-00009452,343.28,,UAH,true
НФ-00009453,924.53,,UAH,true
НФ-00009455,990.57,,UAH,true
НФ-00009458,350.13,,UAH,true
НФ-00009459,1650.95,,UAH,true
НФ-00009460,990.57,,UAH,true
НФ-00009463,31.78,,UAH,true
НФ-00009464,66.04,,UAH,true
НФ-00009465,495.29,,UAH,true
НФ-00009466,396.23,,UAH,true
НФ-00009467,429.25,,UAH,true
НФ-00009470,2971.71,,UAH,true
НФ-00009479,224.28,,UAH,true
НФ-00009481,2113.22,,UAH,true
НФ-00009482,2047.18,,UAH,true
НФ-00009483,1221.71,,UAH,true
НФ-00009486,1584.91,,UAH,true
НФ-00009487,528.3,,UAH,true
НФ-00009489,858.49,,UAH,true
НФ-00009491,211.2,,UAH,true
НФ-00009485,528.3,,UAH,true
НФ-00009488,1518.87,,UAH,true
НФ-00009490,792.46,,UAH,true
НФ-00009492,1783.03,,UAH,true
НФ-00009493,3367.94,,UAH,true
НФ-00009494,3896.24,,UAH,true
НФ-00009495,2047.18,,UAH,true
НФ-00009497,4952.85,,UAH,true
НФ-00009498,825.48,,UAH,true
НФ-00009499,1849.06,,UAH,true
НФ-00009500,46.1,,UAH,true
НФ-00009501,26.17,,UAH,true
НФ-00009502,26.17,,UAH,true
НФ-00009503,42.99,,UAH,true
НФ-00009505,297.18,,UAH,true
НФ-00009506,178.18,,UAH,true
НФ-00009507,350.13,,UAH,true
НФ-00009508,244.22,,UAH,true
НФ-00009509,825.48,,UAH,true
НФ-00009510,1089.63,,UAH,true
НФ-00009511,380.03,,UAH,true
НФ-00009512,3764.17,,UAH,true
НФ-00009513,1915.1,,UAH,true
НФ-00009514,211.2,,UAH,true
НФ-00009515,1783.03,,UAH,true
НФ-00009517,49.84,,UAH,true
НФ-00009518,218.05,,UAH,true
НФ-00009519,257.31,,UAH,true
НФ-00009520,138.94,,UAH,true
НФ-00009521,475.36,,UAH,true
НФ-00009522,1056.61,,UAH,true
НФ-00009523,561.33,,UAH,true
НФ-00009524,726.42,,UAH,true
НФ-00009525,594.34,,UAH,true
НФ-00009526,726.42,,UAH,true
НФ-00009545,2311.33,,UAH,true
НФ-00009549,2443.41,,UAH,true
НФ-00009544,2641.52,,UAH,true
НФ-00009543,2060.27,,UAH,true
НФ-00009551,3599.08,,UAH,true
НФ-00009546,1439.76,,UAH,true
НФ-00009547,6207.57,,UAH,true
НФ-00009533,1188.68,,UAH,true
НФ-00009541,2179.25,,UAH,true
НФ-00009552,3500.01,,UAH,true
НФ-00009539,825.48,,UAH,true
НФ-00009504,627.37,,UAH,true
НФ-00009553,10235.89,,UAH,true
НФ-00009537,2971.71,,UAH,true
НФ-00009528,627.37,,UAH,true
НФ-00009530,165.1,,UAH,true
НФ-00009534,317.11,,UAH,true
НФ-00009531,330.19,,UAH,true
НФ-00009548,2403.53,,UAH,true
НФ-00009536,1333.85,,UAH,true
НФ-00009550,2773.6,,UAH,true
НФ-00009535,541.39,,UAH,true
НФ-00009527,660.38,,UAH,true
НФ-00009538,660.38,,UAH,true
НФ-00009529,449.19,,UAH,true
НФ-00009532,462.27,,UAH,true
НФ-00009554,79.13,,UAH,true
НФ-00009555,99.06,,UAH,true
НФ-00009556,132.08,,UAH,true
НФ-00009557,105.91,,UAH,true
НФ-00009558,138.94,,UAH,true
НФ-00009559,132.08,,UAH,true
НФ-00009560,290.32,,UAH,true
НФ-00009561,138.94,,UAH,true
НФ-00009562,264.15,,UAH,true
НФ-00009564,92.2,,UAH,true
НФ-00009565,924.53,,UAH,true
НФ-00009566,2839.63,,UAH,true
НФ-00009567,2773.6,,UAH,true
НФ-00009568,3500.01,,UAH,true
